-- phpMyAdmin SQL Dump
-- version 5.1.1
-- https://www.phpmyadmin.net/
--
-- Host: 127.0.0.1
-- Generation Time: Mar 14, 2022 at 05:46 AM
-- Server version: 10.4.22-MariaDB
-- PHP Version: 8.1.1

SET SQL_MODE = "NO_AUTO_VALUE_ON_ZERO";
START TRANSACTION;
SET time_zone = "+00:00";


/*!40101 SET @OLD_CHARACTER_SET_CLIENT=@@CHARACTER_SET_CLIENT */;
/*!40101 SET @OLD_CHARACTER_SET_RESULTS=@@CHARACTER_SET_RESULTS */;
/*!40101 SET @OLD_COLLATION_CONNECTION=@@COLLATION_CONNECTION */;
/*!40101 SET NAMES utf8mb4 */;

--
-- Database: `history`
--

-- --------------------------------------------------------

--
-- Table structure for table `age`
--

CREATE TABLE `age` (
  `id` int(11) NOT NULL,
  `timestamp` date NOT NULL,
  `name` varchar(31) NOT NULL,
  `from_age` float NOT NULL,
  `to_age` float NOT NULL
) ENGINE=InnoDB DEFAULT CHARSET=utf8mb4;

--
-- Dumping data for table `age`
--

INSERT INTO `age` (`id`, `timestamp`, `name`, `from_age`, `to_age`) VALUES
(1, '2022-02-06', 'B', 6, 8.9),
(2, '2022-02-06', 'C', 9, 12.9),
(3, '2022-02-06', 'D', 13, 18),
(23, '2022-02-25', 'T', 0, 0),
(24, '2022-02-25', 'T', 0, 0);

-- --------------------------------------------------------

--
-- Table structure for table `attend`
--

CREATE TABLE `attend` (
  `id` int(11) NOT NULL,
  `timestamp` date NOT NULL,
  `name` varchar(11) NOT NULL
) ENGINE=InnoDB DEFAULT CHARSET=utf8mb4;

--
-- Dumping data for table `attend`
--

INSERT INTO `attend` (`id`, `timestamp`, `name`) VALUES
(1, '2022-02-01', 'Online'),
(2, '2022-02-01', 'Offline');

-- --------------------------------------------------------

--
-- Table structure for table `att_feed`
--

CREATE TABLE `att_feed` (
  `id` int(11) NOT NULL,
  `timestamp` date NOT NULL,
  `student_id` int(11) NOT NULL,
  `session_id` int(11) NOT NULL,
  `attendance` varchar(11) NOT NULL,
  `feedback` text NOT NULL
) ENGINE=InnoDB DEFAULT CHARSET=utf8mb4;

--
-- Dumping data for table `att_feed`
--

INSERT INTO `att_feed` (`id`, `timestamp`, `student_id`, `session_id`, `attendance`, `feedback`) VALUES
(37, '2022-02-26', 163, 35, 'YES', 'dfsf'),
(38, '2022-02-26', 163, 36, 'YES', 'xcfsdf'),
(39, '2022-02-26', 163, 37, '', ''),
(40, '2022-02-26', 163, 38, '', ''),
(41, '2022-02-26', 164, 39, '', ''),
(42, '2022-02-26', 164, 40, '', ''),
(43, '2022-02-26', 164, 41, '', ''),
(44, '2022-02-26', 164, 42, '', ''),
(45, '2022-02-26', 166, 39, '', ''),
(46, '2022-02-26', 166, 40, '', ''),
(47, '2022-02-26', 166, 41, '', ''),
(48, '2022-02-26', 166, 42, '', ''),
(53, '2022-02-27', 155, 44, '', ''),
(54, '2022-03-04', 167, 39, '', ''),
(55, '2022-03-04', 167, 40, '', ''),
(56, '2022-03-04', 167, 41, '', ''),
(57, '2022-03-04', 167, 42, '', ''),
(58, '2022-03-05', 170, 31, '', ''),
(59, '2022-03-05', 170, 32, '', ''),
(60, '2022-03-05', 170, 33, '', ''),
(61, '2022-03-05', 170, 34, '', ''),
(62, '2022-03-05', 171, 31, '', ''),
(63, '2022-03-05', 171, 33, '', ''),
(64, '2022-03-05', 171, 32, '', ''),
(65, '2022-03-05', 171, 34, '', ''),
(66, '2022-03-05', 172, 35, '', ''),
(67, '2022-03-05', 172, 36, '', ''),
(68, '2022-03-05', 172, 37, '', ''),
(69, '2022-03-05', 172, 38, '', ''),
(70, '2022-03-05', 173, 36, '', ''),
(71, '2022-03-05', 173, 35, '', ''),
(72, '2022-03-05', 173, 38, '', ''),
(73, '2022-03-05', 173, 37, '', ''),
(74, '2022-03-06', 174, 31, '', ''),
(75, '2022-03-06', 174, 32, '', ''),
(76, '2022-03-06', 174, 33, '', ''),
(77, '2022-03-06', 174, 34, '', ''),
(78, '2022-03-06', 175, 31, '', ''),
(79, '2022-03-06', 175, 32, '', ''),
(80, '2022-03-06', 175, 33, '', ''),
(81, '2022-03-06', 175, 34, '', ''),
(82, '2022-03-06', 176, 31, '', ''),
(83, '2022-03-06', 176, 32, '', ''),
(84, '2022-03-06', 176, 33, '', ''),
(85, '2022-03-06', 176, 34, '', ''),
(86, '2022-03-06', 177, 35, '', ''),
(87, '2022-03-06', 177, 36, '', ''),
(88, '2022-03-06', 177, 37, '', ''),
(89, '2022-03-06', 177, 38, '', ''),
(90, '2022-03-06', 178, 39, '', ''),
(91, '2022-03-06', 178, 40, '', ''),
(92, '2022-03-06', 178, 41, '', ''),
(93, '2022-03-06', 178, 42, '', ''),
(94, '2022-03-06', 186, 35, '', ''),
(95, '2022-03-06', 186, 36, '', ''),
(96, '2022-03-06', 186, 37, '', ''),
(97, '2022-03-06', 186, 38, '', ''),
(98, '2022-03-06', 188, 48, '', ''),
(99, '2022-03-06', 188, 49, '', ''),
(100, '2022-03-06', 188, 50, '', ''),
(101, '2022-03-06', 188, 51, '', ''),
(102, '2022-03-06', 188, 52, '', ''),
(103, '2022-03-06', 188, 53, '', ''),
(104, '2022-03-06', 188, 54, '', ''),
(105, '2022-03-06', 188, 55, '', ''),
(106, '2022-03-06', 188, 56, '', ''),
(107, '2022-03-06', 188, 57, '', ''),
(108, '2022-03-06', 188, 58, '', ''),
(109, '2022-03-06', 188, 59, '', ''),
(110, '2022-03-06', 160, 48, '', ''),
(111, '2022-03-06', 160, 49, '', ''),
(112, '2022-03-06', 160, 53, '', ''),
(113, '2022-03-06', 160, 50, '', ''),
(114, '2022-03-06', 160, 51, '', ''),
(115, '2022-03-06', 160, 52, '', ''),
(116, '2022-03-06', 160, 54, '', ''),
(117, '2022-03-06', 160, 55, '', ''),
(118, '2022-03-06', 160, 56, '', ''),
(119, '2022-03-06', 160, 57, '', ''),
(120, '2022-03-06', 160, 58, '', ''),
(121, '2022-03-06', 160, 59, '', ''),
(122, '2022-03-06', 184, 49, '', ''),
(123, '2022-03-06', 184, 50, '', ''),
(124, '2022-03-06', 184, 51, '', ''),
(125, '2022-03-06', 184, 52, '', ''),
(126, '2022-03-06', 184, 53, '', ''),
(127, '2022-03-06', 184, 54, '', ''),
(128, '2022-03-06', 184, 55, '', ''),
(129, '2022-03-06', 184, 57, '', ''),
(130, '2022-03-06', 184, 56, '', ''),
(131, '2022-03-06', 184, 58, '', ''),
(132, '2022-03-06', 184, 59, '', ''),
(133, '2022-03-06', 184, 48, '', ''),
(134, '2022-03-06', 185, 48, '', ''),
(135, '2022-03-06', 185, 49, '', ''),
(136, '2022-03-06', 185, 50, '', ''),
(137, '2022-03-06', 185, 52, '', ''),
(138, '2022-03-06', 185, 53, '', ''),
(139, '2022-03-06', 185, 54, '', ''),
(140, '2022-03-06', 185, 55, '', ''),
(141, '2022-03-06', 185, 56, '', ''),
(142, '2022-03-06', 185, 58, '', ''),
(143, '2022-03-06', 185, 57, '', ''),
(144, '2022-03-06', 185, 59, '', ''),
(145, '2022-03-06', 185, 51, '', ''),
(146, '2022-03-07', 194, 48, '', ''),
(147, '2022-03-07', 194, 49, '', ''),
(148, '2022-03-07', 194, 50, '', ''),
(149, '2022-03-07', 194, 51, '', ''),
(150, '2022-03-07', 194, 52, '', ''),
(151, '2022-03-07', 194, 53, '', ''),
(152, '2022-03-07', 194, 54, '', ''),
(153, '2022-03-07', 194, 55, '', ''),
(154, '2022-03-07', 194, 56, '', ''),
(155, '2022-03-07', 194, 58, '', ''),
(156, '2022-03-07', 194, 57, '', ''),
(157, '2022-03-07', 194, 59, '', ''),
(158, '2022-03-07', 195, 43, 'YES', 'hfgh'),
(159, '2022-03-07', 196, 47, '', ''),
(160, '2022-03-07', 196, 46, '', ''),
(161, '2022-03-07', 197, 43, 'YES', 'sdfdsf'),
(162, '2022-03-07', 198, 43, '', ''),
(163, '2022-03-07', 199, 61, '', ''),
(164, '2022-03-07', 200, 61, '', ''),
(165, '2022-03-07', 201, 61, '', ''),
(166, '2022-03-07', 202, 61, '', ''),
(167, '2022-03-07', 203, 61, '', ''),
(168, '2022-03-07', 204, 61, '', ''),
(169, '2022-03-07', 207, 60, '', ''),
(170, '2022-03-07', 208, 60, '', ''),
(171, '2022-03-07', 209, 60, '', ''),
(172, '2022-03-07', 210, 60, '', ''),
(173, '2022-03-07', 211, 60, '', ''),
(174, '2022-03-08', 212, 60, '', ''),
(175, '2022-03-08', 213, 63, '', ''),
(176, '2022-03-08', 214, 63, '', ''),
(177, '2022-03-08', 215, 63, '', ''),
(178, '2022-03-08', 216, 63, '', ''),
(179, '2022-03-08', 217, 63, '', ''),
(192, '2022-03-10', 219, 48, '', ''),
(193, '2022-03-10', 219, 49, '', ''),
(194, '2022-03-10', 219, 50, '', ''),
(195, '2022-03-10', 219, 51, '', ''),
(196, '2022-03-10', 219, 52, '', ''),
(197, '2022-03-10', 219, 53, '', ''),
(198, '2022-03-10', 219, 54, '', ''),
(199, '2022-03-10', 219, 55, '', ''),
(200, '2022-03-10', 219, 56, '', ''),
(201, '2022-03-10', 219, 57, '', ''),
(202, '2022-03-10', 219, 58, '', ''),
(203, '2022-03-10', 219, 59, '', ''),
(205, '2022-03-10', 221, 31, '', ''),
(206, '2022-03-10', 221, 32, '', ''),
(207, '2022-03-10', 221, 33, '', ''),
(208, '2022-03-10', 221, 34, '', ''),
(209, '2022-03-10', 222, 31, '', ''),
(210, '2022-03-10', 222, 32, '', ''),
(211, '2022-03-10', 222, 33, '', ''),
(212, '2022-03-10', 222, 34, '', '');

-- --------------------------------------------------------

--
-- Table structure for table `call_status`
--

CREATE TABLE `call_status` (
  `id` int(11) NOT NULL,
  `timestamp` date NOT NULL,
  `name` text NOT NULL
) ENGINE=InnoDB DEFAULT CHARSET=utf8mb4;

--
-- Dumping data for table `call_status`
--

INSERT INTO `call_status` (`id`, `timestamp`, `name`) VALUES
(1, '2022-02-27', 'Answer'),
(2, '2022-02-27', 'Closed'),
(3, '2022-02-27', 'Busy'),
(4, '2022-02-27', 'Call Back Later'),
(5, '2022-02-27', 'Whats App');

-- --------------------------------------------------------

--
-- Table structure for table `call_type`
--

CREATE TABLE `call_type` (
  `id` int(11) NOT NULL,
  `timestamp` date NOT NULL,
  `name` text NOT NULL
) ENGINE=InnoDB DEFAULT CHARSET=utf8mb4;

--
-- Dumping data for table `call_type`
--

INSERT INTO `call_type` (`id`, `timestamp`, `name`) VALUES
(1, '2022-02-27', 'Incoming'),
(2, '2022-02-27', 'Outgoing');

-- --------------------------------------------------------

--
-- Table structure for table `cat`
--

CREATE TABLE `cat` (
  `id` int(11) NOT NULL,
  `timestamp` date NOT NULL,
  `name` text NOT NULL
) ENGINE=InnoDB DEFAULT CHARSET=utf8mb4;

--
-- Dumping data for table `cat`
--

INSERT INTO `cat` (`id`, `timestamp`, `name`) VALUES
(1, '2022-02-27', 'Problem'),
(2, '2022-02-27', 'Refund'),
(3, '2022-02-27', 'Request'),
(4, '2022-02-27', 'Offering');

-- --------------------------------------------------------

--
-- Table structure for table `close`
--

CREATE TABLE `close` (
  `id` int(11) NOT NULL,
  `timestamp` date NOT NULL,
  `name` text NOT NULL
) ENGINE=InnoDB DEFAULT CHARSET=utf8mb4;

--
-- Dumping data for table `close`
--

INSERT INTO `close` (`id`, `timestamp`, `name`) VALUES
(1, '2022-02-27', 'Call Follow Up'),
(2, '2022-02-27', 'Call Closed');

-- --------------------------------------------------------

--
-- Table structure for table `cs_calls`
--

CREATE TABLE `cs_calls` (
  `id` int(11) NOT NULL,
  `timestamp` date NOT NULL,
  `call_type_id` int(11) NOT NULL,
  `call_status_id` int(11) NOT NULL,
  `cat_id` int(11) NOT NULL,
  `close_id` int(11) NOT NULL,
  `follow_date` date NOT NULL,
  `note` text NOT NULL,
  `call_id` int(11) NOT NULL,
  `student_id` int(11) NOT NULL,
  `parent_id` int(11) NOT NULL
) ENGINE=InnoDB DEFAULT CHARSET=utf8mb4;

--
-- Dumping data for table `cs_calls`
--

INSERT INTO `cs_calls` (`id`, `timestamp`, `call_type_id`, `call_status_id`, `cat_id`, `close_id`, `follow_date`, `note`, `call_id`, `student_id`, `parent_id`) VALUES
(45, '2022-02-28', 1, 1, 1, 1, '2022-03-01', 'asdas', 43, 98, 0),
(90, '2022-03-09', 1, 1, 1, 1, '2022-03-09', 'asdasd asd asd ', 0, 160, 101);

-- --------------------------------------------------------

--
-- Table structure for table `days`
--

CREATE TABLE `days` (
  `id` int(11) NOT NULL,
  `timestamp` date NOT NULL,
  `name` varchar(11) NOT NULL
) ENGINE=InnoDB DEFAULT CHARSET=utf8mb4;

--
-- Dumping data for table `days`
--

INSERT INTO `days` (`id`, `timestamp`, `name`) VALUES
(1, '2022-02-06', 'Sun'),
(2, '2022-02-06', 'Mon'),
(3, '2022-02-06', 'Tue'),
(4, '2022-02-06', '-'),
(5, '2022-02-06', '-'),
(6, '2022-02-06', 'Fri'),
(7, '2022-02-06', 'Sat');

-- --------------------------------------------------------

--
-- Table structure for table `department`
--

CREATE TABLE `department` (
  `id` int(11) NOT NULL,
  `timestamp` date NOT NULL,
  `name` varchar(31) NOT NULL
) ENGINE=InnoDB DEFAULT CHARSET=utf8mb4;

--
-- Dumping data for table `department`
--

INSERT INTO `department` (`id`, `timestamp`, `name`) VALUES
(1, '2022-02-01', 'Department Education'),
(2, '2022-02-01', 'Department Sales'),
(3, '2022-02-01', 'Department Customer Service'),
(4, '2022-02-27', 'Department Marketing'),
(5, '2022-02-27', 'Department Operation'),
(6, '2022-02-27', 'Department Finance'),
(7, '2022-02-27', 'Department R&D'),
(8, '2022-02-27', 'Department Software');

-- --------------------------------------------------------

--
-- Table structure for table `employee`
--

CREATE TABLE `employee` (
  `id` int(11) NOT NULL,
  `timestamp` date NOT NULL,
  `name` varchar(31) NOT NULL,
  `phone` int(11) NOT NULL,
  `email` text NOT NULL,
  `zoomlink` text NOT NULL,
  `username` text NOT NULL,
  `password_value` text NOT NULL,
  `permission_id` int(11) NOT NULL,
  `department_id` int(11) NOT NULL,
  `role_id` int(11) NOT NULL
) ENGINE=InnoDB DEFAULT CHARSET=utf8mb4;

-- --------------------------------------------------------

--
-- Table structure for table `groups`
--

CREATE TABLE `groups` (
  `id` int(11) NOT NULL,
  `timestamp` date NOT NULL,
  `slot_id` int(11) NOT NULL,
  `lan_id` int(11) NOT NULL,
  `att_id` int(11) NOT NULL,
  `level_id` int(11) NOT NULL,
  `track_id` int(11) NOT NULL,
  `type_id` int(11) NOT NULL,
  `days_id` int(11) NOT NULL,
  `age_id` int(11) NOT NULL,
  `opend_by` varchar(31) NOT NULL,
  `start_date` date NOT NULL,
  `end_date` date NOT NULL
) ENGINE=InnoDB DEFAULT CHARSET=utf8mb4;

-- --------------------------------------------------------

--
-- Table structure for table `invoice`
--

CREATE TABLE `invoice` (
  `id` int(11) NOT NULL,
  `timestamp` date NOT NULL,
  `student_id` int(11) NOT NULL,
  `fees` float NOT NULL,
  `amount` float NOT NULL,
  `status` varchar(31) NOT NULL,
  `due_date` date NOT NULL,
  `paid_date` date NOT NULL,
  `discount` float NOT NULL,
  `attach` text NOT NULL,
  `package_id` int(11) NOT NULL,
  `qouta` int(11) NOT NULL,
  `remain` float NOT NULL
) ENGINE=InnoDB DEFAULT CHARSET=utf8mb4;

--
-- Dumping data for table `invoice`
--

INSERT INTO `invoice` (`id`, `timestamp`, `student_id`, `fees`, `amount`, `status`, `due_date`, `paid_date`, `discount`, `attach`, `package_id`, `qouta`, `remain`) VALUES
(198, '2022-02-26', 160, 0, 5370, 'waiting', '2022-03-26', '0000-00-00', 0, '', 2, 12, 0),
(199, '2022-02-26', 160, 21480, 5370, 'done', '2022-02-26', '2022-02-26', 0, '', 2, 12, 0),
(200, '2022-02-26', 160, 0, 5370, 'waiting', '2022-04-26', '0000-00-00', 0, '', 2, 12, 0),
(201, '2022-02-26', 160, 0, 5370, 'waiting', '2022-05-26', '0000-00-00', 0, '', 2, 12, 0),
(202, '2022-02-26', 161, 23880, 1990, 'done', '2022-02-26', '2022-02-26', 0, '', 3, 4, 0),
(203, '2022-02-26', 161, 0, 1990, 'waiting', '2022-04-26', '0000-00-00', 0, '', 3, 4, 0),
(204, '2022-02-26', 161, 0, 1990, 'waiting', '2022-03-26', '0000-00-00', 0, '', 3, 4, 0),
(205, '2022-02-26', 161, 0, 1990, 'waiting', '2022-05-26', '0000-00-00', 0, '', 3, 4, 0),
(206, '2022-02-26', 161, 0, 1990, 'waiting', '2022-06-26', '0000-00-00', 0, '', 3, 4, 0),
(207, '2022-02-26', 161, 0, 1990, 'waiting', '2022-07-26', '0000-00-00', 0, '', 3, 4, 0),
(208, '2022-02-26', 161, 0, 1990, 'waiting', '2022-09-26', '0000-00-00', 0, '', 3, 4, 0),
(209, '2022-02-26', 161, 0, 1990, 'waiting', '2022-10-26', '0000-00-00', 0, '', 3, 4, 0),
(210, '2022-02-26', 161, 0, 1990, 'waiting', '2022-11-26', '0000-00-00', 0, '', 3, 4, 0),
(211, '2022-02-26', 161, 0, 1990, 'waiting', '2023-01-26', '0000-00-00', 0, '', 3, 4, 0),
(212, '2022-02-26', 161, 0, 1990, 'waiting', '2022-08-26', '0000-00-00', 0, '', 3, 4, 0),
(213, '2022-02-26', 161, 0, 1990, 'waiting', '2022-12-26', '0000-00-00', 0, '', 3, 4, 0),
(214, '2022-02-26', 162, 19080, 19080, 'done', '0000-00-00', '0000-00-00', 0, '', 1, 48, 0),
(215, '2022-02-26', 163, 21480, 5370, 'done', '0000-00-00', '0000-00-00', 0, '', 2, 12, 0),
(216, '2022-02-26', 163, 21480, 5370, 'waiting', '0000-00-00', '0000-00-00', 0, '', 2, 12, 0),
(217, '2022-02-26', 163, 21480, 5370, 'waiting', '0000-00-00', '0000-00-00', 0, '', 2, 12, 0),
(218, '2022-02-26', 163, 21480, 5370, 'waiting', '0000-00-00', '0000-00-00', 0, '', 2, 12, 0),
(219, '2022-02-26', 164, 23880, 1990, 'done', '0000-00-00', '0000-00-00', 0, '', 3, 4, 0),
(220, '2022-02-26', 164, 23880, 1990, 'waiting', '0000-00-00', '0000-00-00', 0, '', 3, 4, 0),
(221, '2022-02-26', 164, 23880, 1990, 'waiting', '0000-00-00', '0000-00-00', 0, '', 3, 4, 0),
(222, '2022-02-26', 164, 23880, 1990, 'waiting', '0000-00-00', '0000-00-00', 0, '', 3, 4, 0),
(223, '2022-02-26', 164, 23880, 1990, 'waiting', '0000-00-00', '0000-00-00', 0, '', 3, 4, 0),
(224, '2022-02-26', 164, 23880, 1990, 'waiting', '0000-00-00', '0000-00-00', 0, '', 3, 4, 0),
(225, '2022-02-26', 164, 23880, 1990, 'waiting', '0000-00-00', '0000-00-00', 0, '', 3, 4, 0),
(226, '2022-02-26', 164, 23880, 1990, 'waiting', '0000-00-00', '0000-00-00', 0, '', 3, 4, 0),
(227, '2022-02-26', 164, 23880, 1990, 'waiting', '0000-00-00', '0000-00-00', 0, '', 3, 4, 0),
(228, '2022-02-26', 164, 23880, 1990, 'waiting', '0000-00-00', '0000-00-00', 0, '', 3, 4, 0),
(229, '2022-02-26', 164, 23880, 1990, 'waiting', '0000-00-00', '0000-00-00', 0, '', 3, 4, 0),
(230, '2022-02-26', 164, 23880, 1990, 'waiting', '0000-00-00', '0000-00-00', 0, '', 3, 4, 0),
(231, '2022-02-26', 165, 19080, 19080, 'done', '0000-00-00', '0000-00-00', 0, '', 1, 48, 0),
(232, '2022-02-26', 166, 23880, 1990, 'done', '0000-00-00', '0000-00-00', 0, '', 3, 4, 0),
(233, '2022-02-26', 166, 23880, 1990, 'waiting', '0000-00-00', '0000-00-00', 0, '', 3, 4, 0),
(234, '2022-02-26', 166, 23880, 1990, 'waiting', '0000-00-00', '0000-00-00', 0, '', 3, 4, 0),
(235, '2022-02-26', 166, 23880, 1990, 'waiting', '0000-00-00', '0000-00-00', 0, '', 3, 4, 0),
(236, '2022-02-26', 166, 23880, 1990, 'waiting', '0000-00-00', '0000-00-00', 0, '', 3, 4, 0),
(237, '2022-02-26', 166, 23880, 1990, 'waiting', '0000-00-00', '0000-00-00', 0, '', 3, 4, 0),
(238, '2022-02-26', 166, 23880, 1990, 'waiting', '0000-00-00', '0000-00-00', 0, '', 3, 4, 0),
(239, '2022-02-26', 166, 23880, 1990, 'waiting', '0000-00-00', '0000-00-00', 0, '', 3, 4, 0),
(240, '2022-02-26', 166, 23880, 1990, 'waiting', '0000-00-00', '0000-00-00', 0, '', 3, 4, 0),
(241, '2022-02-26', 166, 23880, 1990, 'waiting', '0000-00-00', '0000-00-00', 0, '', 3, 4, 0),
(242, '2022-02-26', 166, 23880, 1990, 'waiting', '0000-00-00', '0000-00-00', 0, '', 3, 4, 0),
(243, '2022-02-26', 166, 23880, 1990, 'waiting', '0000-00-00', '0000-00-00', 0, '', 3, 4, 0),
(244, '2022-03-04', 167, 19080, 19080, 'done', '0000-00-00', '0000-00-00', 0, '', 75, 48, 0),
(249, '2022-03-04', 167, 19080, 19080, 'done', '2022-03-04', '2022-03-04', 0, '', 77, 48, 0),
(254, '2022-03-04', 168, 21480, 5370, 'done', '2022-03-04', '2022-03-04', 0, '', 79, 12, 0),
(255, '2022-03-04', 168, 0, 5370, 'waiting', '2022-04-04', '0000-00-00', 0, '', 79, 12, 0),
(256, '2022-03-04', 168, 0, 5370, 'waiting', '2022-06-04', '0000-00-00', 0, '', 79, 12, 0),
(257, '2022-03-04', 168, 0, 5370, 'waiting', '2022-05-04', '0000-00-00', 0, '', 79, 12, 0),
(259, '2022-03-05', 170, 19080, 19080, 'done', '0000-00-00', '0000-00-00', 0, '', 81, 48, 0),
(260, '2022-03-05', 170, 21480, 5370, 'done', '2022-03-05', '2022-03-05', 0, '', 82, 12, 0),
(261, '2022-03-05', 170, 0, 5370, 'waiting', '2022-04-05', '0000-00-00', 0, '', 82, 12, 0),
(262, '2022-03-05', 170, 0, 5370, 'waiting', '2022-05-05', '0000-00-00', 0, '', 82, 12, 0),
(263, '2022-03-05', 170, 0, 5370, 'waiting', '2022-06-05', '0000-00-00', 0, '', 82, 12, 0),
(268, '2022-03-05', 155, 19080, 19080, 'done', '2022-03-05', '2022-03-05', 0, '', 87, 48, 0),
(269, '2022-03-05', 156, 21480, 5370, 'done', '2022-03-05', '2022-03-05', 0, '', 88, 12, 0),
(270, '2022-03-05', 156, 0, 5370, 'waiting', '2022-05-05', '0000-00-00', 0, '', 88, 12, 0),
(271, '2022-03-05', 156, 0, 5370, 'waiting', '2022-04-05', '0000-00-00', 0, '', 88, 12, 0),
(272, '2022-03-05', 156, 0, 5370, 'waiting', '2022-06-05', '0000-00-00', 0, '', 88, 12, 0),
(273, '2022-03-05', 157, 19080, 19080, 'done', '2022-03-05', '2022-03-05', 0, '', 92, 48, 0),
(274, '2022-03-05', 157, 19080, 19080, 'done', '2022-03-05', '2022-03-05', 0, '', 92, 48, 0),
(275, '2022-03-05', 157, 19080, 19080, 'done', '2022-03-05', '2022-03-05', 0, '', 92, 48, 0),
(276, '2022-03-05', 157, 19080, 19080, 'done', '2022-03-05', '2022-03-05', 0, '', 92, 48, 0),
(325, '2022-03-05', 156, 19080, 19080, 'done', '2022-03-04', '2022-03-04', 0, '', 131, 48, 0),
(326, '2022-03-05', 156, 19080, 19080, 'done', '2022-03-04', '2022-03-04', 0, '', 131, 48, 0),
(327, '2022-03-05', 156, 19080, 19080, 'done', '0000-00-00', '0000-00-00', 0, '', 131, 48, 0),
(328, '2022-03-05', 156, 19080, 19080, 'done', '0000-00-00', '0000-00-00', 0, '', 131, 48, 0),
(329, '2022-03-05', 156, 19080, 19080, 'done', '0000-00-00', '0000-00-00', 0, '', 131, 48, 0),
(330, '2022-03-05', 156, 19080, 19080, 'done', '0000-00-00', '0000-00-00', 0, '', 131, 48, 0),
(331, '2022-03-05', 156, 19080, 19080, 'done', '0000-00-00', '0000-00-00', 0, '', 131, 48, 0),
(332, '2022-03-05', 156, 19080, 19080, 'done', '0000-00-00', '0000-00-00', 0, '', 131, 48, 0),
(333, '2022-03-05', 156, 19080, 19080, 'done', '0000-00-00', '0000-00-00', 0, '', 131, 48, 0),
(334, '2022-03-05', 156, 19080, 19080, 'done', '0000-00-00', '0000-00-00', 0, '', 131, 48, 0),
(335, '2022-03-05', 156, 19080, 19080, 'done', '0000-00-00', '0000-00-00', 0, '', 131, 48, 0),
(336, '2022-03-05', 156, 19080, 19080, 'done', '0000-00-00', '0000-00-00', 0, '', 131, 48, 0),
(337, '2022-03-05', 156, 19080, 19080, 'done', '0000-00-00', '0000-00-00', 0, '', 131, 48, 0),
(338, '2022-03-05', 156, 19080, 19080, 'done', '0000-00-00', '0000-00-00', 0, '', 131, 48, 0),
(339, '2022-03-05', 156, 19080, 19080, 'done', '0000-00-00', '0000-00-00', 0, '', 131, 48, 0),
(340, '2022-03-05', 156, 19080, 19080, 'done', '0000-00-00', '0000-00-00', 0, '', 131, 48, 0),
(341, '2022-03-05', 156, 19080, 19080, 'done', '0000-00-00', '0000-00-00', 0, '', 131, 48, 0),
(342, '2022-03-05', 156, 19080, 19080, 'done', '0000-00-00', '0000-00-00', 0, '', 131, 48, 0),
(343, '2022-03-05', 156, 19080, 19080, 'done', '0000-00-00', '0000-00-00', 0, '', 131, 48, 0),
(344, '2022-03-05', 156, 19080, 19080, 'done', '0000-00-00', '0000-00-00', 0, '', 131, 48, 0),
(345, '2022-03-05', 156, 19080, 19080, 'done', '0000-00-00', '0000-00-00', 0, '', 131, 48, 0),
(346, '2022-03-05', 156, 19080, 19080, 'done', '0000-00-00', '0000-00-00', 0, '', 131, 48, 0),
(347, '2022-03-05', 156, 19080, 19080, 'done', '0000-00-00', '0000-00-00', 0, '', 131, 48, 0),
(348, '2022-03-05', 156, 19080, 19080, 'done', '0000-00-00', '0000-00-00', 0, '', 131, 48, 0),
(349, '2022-03-05', 156, 19080, 19080, 'done', '0000-00-00', '0000-00-00', 0, '', 131, 48, 0),
(350, '2022-03-05', 156, 19080, 19080, 'done', '0000-00-00', '0000-00-00', 0, '', 131, 48, 0),
(351, '2022-03-05', 156, 19080, 19080, 'done', '0000-00-00', '0000-00-00', 0, '', 131, 48, 0),
(352, '2022-03-05', 156, 19080, 19080, 'done', '0000-00-00', '0000-00-00', 0, '', 131, 48, 0),
(353, '2022-03-05', 156, 19080, 19080, 'done', '0000-00-00', '0000-00-00', 0, '', 131, 48, 0),
(354, '2022-03-05', 156, 19080, 19080, 'done', '0000-00-00', '0000-00-00', 0, '', 131, 48, 0),
(355, '2022-03-05', 156, 19080, 19080, 'done', '0000-00-00', '0000-00-00', 0, '', 131, 48, 0),
(356, '2022-03-05', 156, 19080, 19080, 'done', '0000-00-00', '0000-00-00', 0, '', 131, 48, 0),
(357, '2022-03-05', 156, 19080, 19080, 'done', '0000-00-00', '0000-00-00', 0, '', 131, 48, 0),
(358, '2022-03-05', 156, 19080, 19080, 'done', '0000-00-00', '0000-00-00', 0, '', 131, 48, 0),
(359, '2022-03-05', 156, 19080, 19080, 'done', '0000-00-00', '0000-00-00', 0, '', 131, 48, 0),
(361, '2022-03-05', 170, 21480, 5370, 'done', '2022-03-05', '2022-03-05', 0, '', 137, 12, 0),
(362, '2022-03-05', 170, 21480, 5370, 'done', '0000-00-00', '0000-00-00', 0, '', 137, 12, 0),
(363, '2022-03-05', 170, 21480, 5370, 'done', '0000-00-00', '0000-00-00', 0, '', 137, 12, 0),
(364, '2022-03-05', 170, 21480, 5370, 'done', '0000-00-00', '0000-00-00', 0, '', 137, 12, 0),
(365, '2022-03-05', 160, 23880, 1990, 'done', '2022-03-05', '2022-03-05', 0, '', 138, 4, 0),
(366, '2022-03-05', 160, 0, 1990, 'done', '0000-00-00', '0000-00-00', 0, '', 138, 4, 0),
(367, '2022-03-05', 160, 0, 1990, 'done', '0000-00-00', '0000-00-00', 0, '', 138, 4, 0),
(368, '2022-03-05', 160, 0, 1990, 'done', '0000-00-00', '0000-00-00', 0, '', 138, 4, 0),
(369, '2022-03-05', 160, 0, 1990, 'done', '0000-00-00', '0000-00-00', 0, '', 138, 4, 0),
(370, '2022-03-05', 160, 0, 1990, 'done', '0000-00-00', '0000-00-00', 0, '', 138, 4, 0),
(371, '2022-03-05', 160, 0, 1990, 'done', '0000-00-00', '0000-00-00', 0, '', 138, 4, 0),
(372, '2022-03-05', 160, 0, 1990, 'done', '0000-00-00', '0000-00-00', 0, '', 138, 4, 0),
(373, '2022-03-05', 160, 0, 1990, 'done', '0000-00-00', '0000-00-00', 0, '', 138, 4, 0),
(374, '2022-03-05', 160, 0, 1990, 'done', '0000-00-00', '0000-00-00', 0, '', 138, 4, 0),
(375, '2022-03-05', 160, 0, 1990, 'done', '0000-00-00', '0000-00-00', 0, '', 138, 4, 0),
(376, '2022-03-05', 160, 0, 1990, 'done', '0000-00-00', '0000-00-00', 0, '', 138, 4, 0),
(385, '2022-03-05', 157, 21480, 5370, 'done', '2022-03-05', '2022-03-05', 0, '', 141, 12, 0),
(386, '2022-03-05', 157, 0, 5370, 'waiting', '0000-00-00', '0000-00-00', 0, '', 141, 12, 0),
(387, '2022-03-05', 157, 0, 5370, 'waiting', '0000-00-00', '0000-00-00', 0, '', 141, 12, 0),
(388, '2022-03-05', 157, 0, 5370, 'waiting', '0000-00-00', '0000-00-00', 0, '', 141, 12, 0),
(393, '2022-03-05', 171, 0, 1990, 'waiting', '2022-04-05', '0000-00-00', 0, '', 3, 4, 0),
(394, '2022-03-05', 171, 0, 1990, 'waiting', '2022-05-05', '0000-00-00', 0, '', 3, 4, 0),
(395, '2022-03-05', 171, 23880, 1990, 'done', '2022-03-05', '2022-03-05', 0, '', 3, 4, 0),
(396, '2022-03-05', 171, 0, 1990, 'waiting', '2022-06-05', '0000-00-00', 0, '', 3, 4, 0),
(397, '2022-03-05', 171, 0, 1990, 'waiting', '2022-07-05', '0000-00-00', 0, '', 3, 4, 0),
(398, '2022-03-05', 171, 0, 1990, 'waiting', '2022-08-05', '0000-00-00', 0, '', 3, 4, 0),
(399, '2022-03-05', 171, 0, 1990, 'waiting', '2022-09-05', '0000-00-00', 0, '', 3, 4, 0),
(400, '2022-03-05', 171, 0, 1990, 'waiting', '2022-11-05', '0000-00-00', 0, '', 3, 4, 0),
(401, '2022-03-05', 171, 0, 1990, 'waiting', '2022-10-05', '0000-00-00', 0, '', 3, 4, 0),
(402, '2022-03-05', 171, 0, 1990, 'waiting', '2022-12-05', '0000-00-00', 0, '', 3, 4, 0),
(403, '2022-03-05', 171, 0, 1990, 'waiting', '2023-02-05', '0000-00-00', 0, '', 3, 4, 0),
(404, '2022-03-05', 171, 0, 1990, 'waiting', '2023-01-05', '0000-00-00', 0, '', 3, 4, 0),
(405, '2022-03-05', 172, 23880, 1990, 'done', '2022-03-05', '2022-03-05', 0, '', 3, 4, 0),
(406, '2022-03-05', 172, 0, 1990, 'waiting', '2022-05-05', '0000-00-00', 0, '', 3, 4, 0),
(407, '2022-03-05', 172, 0, 1990, 'waiting', '2022-04-05', '0000-00-00', 0, '', 3, 4, 0),
(408, '2022-03-05', 172, 0, 1990, 'waiting', '2022-06-05', '0000-00-00', 0, '', 3, 4, 0),
(409, '2022-03-05', 172, 0, 1990, 'waiting', '2022-07-05', '0000-00-00', 0, '', 3, 4, 0),
(410, '2022-03-05', 172, 0, 1990, 'waiting', '2022-09-05', '0000-00-00', 0, '', 3, 4, 0),
(411, '2022-03-05', 172, 0, 1990, 'waiting', '2022-10-05', '0000-00-00', 0, '', 3, 4, 0),
(412, '2022-03-05', 172, 0, 1990, 'waiting', '2022-11-05', '0000-00-00', 0, '', 3, 4, 0),
(413, '2022-03-05', 172, 0, 1990, 'waiting', '2022-12-05', '0000-00-00', 0, '', 3, 4, 0),
(414, '2022-03-05', 172, 0, 1990, 'waiting', '2023-01-05', '0000-00-00', 0, '', 3, 4, 0),
(415, '2022-03-05', 172, 0, 1990, 'waiting', '2023-02-05', '0000-00-00', 0, '', 3, 4, 0),
(416, '2022-03-05', 172, 0, 1990, 'waiting', '2022-08-05', '0000-00-00', 0, '', 3, 4, 0),
(417, '2022-03-05', 173, 21480, 5370, 'done', '2022-03-05', '2022-03-05', 0, '', 2, 12, 0),
(418, '2022-03-05', 173, 0, 5370, 'waiting', '2022-04-05', '0000-00-00', 0, '', 2, 12, 0),
(419, '2022-03-05', 173, 0, 5370, 'waiting', '2022-05-05', '0000-00-00', 0, '', 2, 12, 0),
(420, '2022-03-05', 173, 0, 5370, 'waiting', '2022-06-05', '0000-00-00', 0, '', 2, 12, 0),
(421, '2022-03-06', 174, 19080, 19080, 'done', '2022-03-06', '2022-03-06', 0, '', 146, 48, 0),
(422, '2022-03-06', 175, 19080, 19080, 'done', '2022-03-06', '2022-03-06', 0, '', 147, 48, 0),
(423, '2022-03-06', 176, 19080, 19080, 'done', '2022-03-06', '2022-03-06', 0, '', 148, 48, 0),
(424, '2022-03-06', 177, 19080, 19080, 'done', '2022-03-06', '2022-03-06', 0, '', 149, 48, 0),
(425, '2022-03-06', 178, 19080, 19080, 'done', '2022-03-06', '2022-03-06', 0, '', 150, 48, 0),
(426, '2022-03-06', 179, 19080, 19080, 'done', '2022-03-06', '2022-03-06', 0, '', 151, 48, 0),
(427, '2022-03-06', 185, 19080, 19080, 'done', '2022-03-06', '2022-03-06', 0, '', 155, 48, 0),
(428, '2022-03-06', 186, 21480, 5370, 'done', '2022-03-06', '2022-03-06', 0, '', 156, 12, 0),
(429, '2022-03-06', 186, 21480, 5370, 'waiting', '2022-04-05', '0000-00-00', 0, '', 156, 12, 0),
(430, '2022-03-06', 186, 21480, 5370, 'waiting', '2022-05-05', '0000-00-00', 0, '', 156, 12, 0),
(431, '2022-03-06', 186, 21480, 5370, 'waiting', '2022-06-04', '0000-00-00', 0, '', 156, 12, 0),
(432, '2022-03-06', 188, 19080, 19080, 'done', '2022-03-06', '2022-03-06', 0, '', 157, 48, 0),
(433, '2022-03-07', 195, 19080, 19080, 'done', '2022-03-07', '2022-03-07', 0, '', 1, 48, 0),
(434, '2022-03-07', 196, 23880, 1990, 'done', '2022-03-07', '2022-03-07', 0, '', 3, 4, 0),
(435, '2022-03-07', 196, 0, 1990, 'waiting', '2022-05-07', '0000-00-00', 0, '', 3, 4, 0),
(436, '2022-03-07', 196, 0, 1990, 'waiting', '2022-08-07', '0000-00-00', 0, '', 3, 4, 0),
(437, '2022-03-07', 196, 0, 1990, 'waiting', '2022-06-07', '0000-00-00', 0, '', 3, 4, 0),
(438, '2022-03-07', 196, 0, 1990, 'waiting', '2022-07-07', '0000-00-00', 0, '', 3, 4, 0),
(439, '2022-03-07', 196, 0, 1990, 'waiting', '2022-04-07', '0000-00-00', 0, '', 3, 4, 0),
(440, '2022-03-07', 196, 0, 1990, 'waiting', '2022-09-07', '0000-00-00', 0, '', 3, 4, 0),
(441, '2022-03-07', 196, 0, 1990, 'waiting', '2022-10-07', '0000-00-00', 0, '', 3, 4, 0),
(442, '2022-03-07', 196, 0, 1990, 'waiting', '2022-11-07', '0000-00-00', 0, '', 3, 4, 0),
(443, '2022-03-07', 196, 0, 1990, 'waiting', '2022-12-07', '0000-00-00', 0, '', 3, 4, 0),
(444, '2022-03-07', 196, 0, 1990, 'waiting', '2023-01-07', '0000-00-00', 0, '', 3, 4, 0),
(445, '2022-03-07', 196, 0, 1990, 'waiting', '2023-02-07', '0000-00-00', 0, '', 3, 4, 0),
(446, '2022-03-07', 197, 23880, 1990, 'done', '2022-03-07', '2022-03-07', 0, '', 3, 4, 0),
(447, '2022-03-07', 197, 0, 1990, 'waiting', '2022-04-07', '0000-00-00', 0, '', 3, 4, 0),
(448, '2022-03-07', 197, 0, 1990, 'waiting', '2022-07-07', '0000-00-00', 0, '', 3, 4, 0),
(449, '2022-03-07', 197, 0, 1990, 'waiting', '2022-05-07', '0000-00-00', 0, '', 3, 4, 0),
(450, '2022-03-07', 197, 0, 1990, 'waiting', '2022-06-07', '0000-00-00', 0, '', 3, 4, 0),
(451, '2022-03-07', 197, 0, 1990, 'waiting', '2022-08-07', '0000-00-00', 0, '', 3, 4, 0),
(452, '2022-03-07', 197, 0, 1990, 'waiting', '2022-09-07', '0000-00-00', 0, '', 3, 4, 0),
(453, '2022-03-07', 197, 0, 1990, 'waiting', '2022-10-07', '0000-00-00', 0, '', 3, 4, 0),
(454, '2022-03-07', 197, 0, 1990, 'waiting', '2022-11-07', '0000-00-00', 0, '', 3, 4, 0),
(455, '2022-03-07', 197, 0, 1990, 'waiting', '2022-12-07', '0000-00-00', 0, '', 3, 4, 0),
(456, '2022-03-07', 197, 0, 1990, 'waiting', '2023-02-07', '0000-00-00', 0, '', 3, 4, 0),
(457, '2022-03-07', 197, 0, 1990, 'waiting', '2023-01-07', '0000-00-00', 0, '', 3, 4, 0),
(458, '2022-03-07', 198, 19080, 19080, 'done', '2022-03-07', '2022-03-07', 0, '', 161, 48, 0),
(459, '2022-03-07', 200, 21480, 5370, 'done', '2022-03-07', '2022-03-07', 0, '', 2, 12, 0),
(460, '2022-03-07', 200, 0, 5370, 'waiting', '2022-04-07', '0000-00-00', 0, '', 2, 12, 0),
(461, '2022-03-07', 200, 0, 5370, 'waiting', '2022-05-07', '0000-00-00', 0, '', 2, 12, 0),
(462, '2022-03-07', 200, 0, 5370, 'waiting', '2022-06-07', '0000-00-00', 0, '', 2, 12, 0),
(463, '2022-03-07', 201, 21480, 5370, 'done', '2022-03-07', '2022-03-07', 0, '', 164, 12, 0),
(464, '2022-03-07', 201, 0, 5370, 'waiting', '2022-04-07', '0000-00-00', 0, '', 164, 12, 0),
(465, '2022-03-07', 201, 0, 5370, 'waiting', '2022-05-07', '0000-00-00', 0, '', 164, 12, 0),
(466, '2022-03-07', 201, 0, 5370, 'waiting', '2022-06-07', '0000-00-00', 0, '', 164, 12, 0),
(467, '2022-03-07', 202, 23880, 1990, 'done', '2022-03-07', '2022-03-07', 0, '', 165, 4, 0),
(468, '2022-03-07', 202, 0, 1990, 'waiting', '2022-04-06', '0000-00-00', 0, '', 165, 4, 0),
(469, '2022-03-07', 202, 0, 1990, 'waiting', '2022-05-06', '0000-00-00', 0, '', 165, 4, 0),
(470, '2022-03-07', 202, 0, 1990, 'waiting', '2022-06-05', '0000-00-00', 0, '', 165, 4, 0),
(471, '2022-03-07', 202, 0, 1990, 'waiting', '2022-07-05', '0000-00-00', 0, '', 165, 4, 0),
(472, '2022-03-07', 202, 0, 1990, 'waiting', '2022-08-04', '0000-00-00', 0, '', 165, 4, 0),
(473, '2022-03-07', 202, 0, 1990, 'waiting', '2022-09-03', '0000-00-00', 0, '', 165, 4, 0),
(474, '2022-03-07', 202, 0, 1990, 'waiting', '2022-10-03', '0000-00-00', 0, '', 165, 4, 0),
(475, '2022-03-07', 202, 0, 1990, 'waiting', '2022-11-02', '0000-00-00', 0, '', 165, 4, 0),
(476, '2022-03-07', 202, 0, 1990, 'waiting', '2022-12-02', '0000-00-00', 0, '', 165, 4, 0),
(477, '2022-03-07', 202, 0, 1990, 'waiting', '2023-01-01', '0000-00-00', 0, '', 165, 4, 0),
(478, '2022-03-07', 202, 0, 1990, 'waiting', '2023-01-31', '0000-00-00', 0, '', 165, 4, 0),
(479, '2022-03-07', 202, 19080, 19080, 'done', '2022-03-08', '2022-03-08', 0, '', 166, 48, 0),
(480, '2022-03-09', 217, 19080, 19080, 'done', '2022-03-09', '2022-03-09', 0, '', 167, 48, 0),
(485, '2022-03-10', 219, 23880, 1990, 'done', '2022-03-10', '2022-03-10', 0, '', 169, 4, 0),
(486, '2022-03-10', 219, 23880, 1990, 'waiting', '2022-04-09', '0000-00-00', 0, '', 169, 4, 0),
(487, '2022-03-10', 219, 23880, 1990, 'waiting', '2022-05-09', '0000-00-00', 0, '', 169, 4, 0),
(488, '2022-03-10', 219, 23880, 1990, 'waiting', '2022-06-08', '0000-00-00', 0, '', 169, 4, 0),
(489, '2022-03-10', 219, 23880, 1990, 'waiting', '2022-07-08', '0000-00-00', 0, '', 169, 4, 0),
(490, '2022-03-10', 219, 23880, 1990, 'waiting', '2022-08-07', '0000-00-00', 0, '', 169, 4, 0),
(491, '2022-03-10', 219, 23880, 1990, 'waiting', '2022-09-06', '0000-00-00', 0, '', 169, 4, 0),
(492, '2022-03-10', 219, 23880, 1990, 'waiting', '2022-10-06', '0000-00-00', 0, '', 169, 4, 0),
(493, '2022-03-10', 219, 23880, 1990, 'waiting', '2022-11-05', '0000-00-00', 0, '', 169, 4, 0),
(494, '2022-03-10', 219, 23880, 1990, 'waiting', '2022-12-05', '0000-00-00', 0, '', 169, 4, 0),
(495, '2022-03-10', 219, 23880, 1990, 'waiting', '2023-01-04', '0000-00-00', 0, '', 169, 4, 0),
(496, '2022-03-10', 219, 23880, 1990, 'waiting', '2023-02-03', '0000-00-00', 0, '', 169, 4, 0),
(497, '2022-03-10', 221, 19080, 19080, 'done', '2022-03-10', '2022-03-10', 0, '', 170, 48, 0),
(498, '2022-03-10', 222, 19080, 19080, 'done', '2022-03-10', '2022-03-10', 0, '', 171, 48, 0);

-- --------------------------------------------------------

--
-- Table structure for table `invoice_status`
--

CREATE TABLE `invoice_status` (
  `id` int(11) NOT NULL,
  `timestamp` date NOT NULL,
  `name` varchar(31) NOT NULL
) ENGINE=InnoDB DEFAULT CHARSET=utf8mb4;

--
-- Dumping data for table `invoice_status`
--

INSERT INTO `invoice_status` (`id`, `timestamp`, `name`) VALUES
(1, '2022-02-11', 'done'),
(2, '2022-02-11', 'waiting'),
(3, '2022-02-11', 'refund'),
(4, '2022-02-11', 'ar-refund');

-- --------------------------------------------------------

--
-- Table structure for table `lan`
--

CREATE TABLE `lan` (
  `id` int(11) NOT NULL,
  `timestamp` date NOT NULL,
  `name` varchar(11) NOT NULL
) ENGINE=InnoDB DEFAULT CHARSET=utf8mb4;

--
-- Dumping data for table `lan`
--

INSERT INTO `lan` (`id`, `timestamp`, `name`) VALUES
(1, '2022-02-01', 'English'),
(2, '2022-02-02', 'Arabic');

-- --------------------------------------------------------

--
-- Table structure for table `level`
--

CREATE TABLE `level` (
  `id` int(11) NOT NULL,
  `timestamp` date NOT NULL,
  `name` varchar(11) NOT NULL
) ENGINE=InnoDB DEFAULT CHARSET=utf8mb4;

--
-- Dumping data for table `level`
--

INSERT INTO `level` (`id`, `timestamp`, `name`) VALUES
(2, '2022-02-03', 'FO1'),
(3, '2022-02-16', 'FO2');

-- --------------------------------------------------------

--
-- Table structure for table `operation_status`
--

CREATE TABLE `operation_status` (
  `id` int(11) NOT NULL,
  `timestamp` date NOT NULL,
  `name` varchar(31) NOT NULL
) ENGINE=InnoDB DEFAULT CHARSET=utf8mb4;

--
-- Dumping data for table `operation_status`
--

INSERT INTO `operation_status` (`id`, `timestamp`, `name`) VALUES
(1, '2022-02-03', 'Active'),
(2, '2022-02-05', 'Pending');

-- --------------------------------------------------------

--
-- Table structure for table `package`
--

CREATE TABLE `package` (
  `id` int(11) NOT NULL,
  `timestamp` date NOT NULL,
  `name` varchar(11) NOT NULL,
  `fees` float NOT NULL,
  `quota` int(11) NOT NULL,
  `discount` float NOT NULL,
  `installments` int(11) NOT NULL,
  `paid_as` float NOT NULL
) ENGINE=InnoDB DEFAULT CHARSET=utf8mb4;

--
-- Dumping data for table `package`
--

INSERT INTO `package` (`id`, `timestamp`, `name`, `fees`, `quota`, `discount`, `installments`, `paid_as`) VALUES
(1, '2022-02-08', 'Annually', 19080, 48, 0, 1, 19080),
(2, '2022-02-08', 'Quarterly', 21480, 48, 0, 4, 5370),
(3, '2022-02-08', 'Monthly', 23880, 48, 0, 12, 1990);

-- --------------------------------------------------------

--
-- Table structure for table `parent`
--

CREATE TABLE `parent` (
  `id` int(11) NOT NULL,
  `timestamp` date NOT NULL,
  `name` text NOT NULL,
  `phone` varchar(31) NOT NULL,
  `email` text NOT NULL,
  `name_2` text NOT NULL,
  `phone_2` varchar(31) NOT NULL,
  `email_2` text NOT NULL,
  `address` text NOT NULL,
  `location` text NOT NULL,
  `job` text NOT NULL,
  `marketing_id` int(11) NOT NULL,
  `customer_agent_id` int(11) NOT NULL,
  `sales_agent_id` int(11) NOT NULL,
  `username` text NOT NULL,
  `password` text NOT NULL
) ENGINE=InnoDB DEFAULT CHARSET=utf8mb4;

--
-- Dumping data for table `parent`
--

INSERT INTO `parent` (`id`, `timestamp`, `name`, `phone`, `email`, `name_2`, `phone_2`, `email_2`, `address`, `location`, `job`, `marketing_id`, `customer_agent_id`, `sales_agent_id`, `username`, `password`) VALUES
(95, '2022-02-27', 'fa', 'sd', 'qw3', 'cv', 'asxvc', 'awer', 'sdf', 'v', 'we', 0, 14, 15, '', ''),
(98, '2022-02-27', 'asd', 'asd', 'da', 'sd', 'as', 'sda', 'asd', 'as', 'd', 0, 11, 9, '', ''),
(99, '2022-02-27', 'asd', 'asd', 'asd', 'asd', 'asd', 'asdas', 'das', 'das', 'das', 0, 11, 9, '', ''),
(101, '2022-02-27', 'asd', 'asd', 'asd', 'asd', 'asd', 'asd', 'asd', 'asd', 'asd', 0, 11, 9, '', ''),
(102, '2022-02-27', 'asd', 'asd', 'asd', 'asd', 'asd', 'asd', 'asd', 'asd', 'asd', 0, 11, 9, '', ''),
(103, '2022-02-27', 'asd', 'asd', 'asd', 'asd', 'as', 'asd', 'das', 'das', 'd', 0, 11, 9, '', ''),
(104, '2022-02-27', 'asd', 'asd', 'asd', 'asd', 'asd', 'asd', 'as', 'da', 'sd', 0, 11, 9, '', ''),
(105, '2022-02-27', '213 ', '123', ' 123', '123', '123', '123', '123', 'asd', '124', 0, 11, 9, '', ''),
(106, '2022-03-04', 'Mohamed', '123123', 'asdasd', 'asd', 'asd', 'asdas', 'aseq', 'we', ' qweasd', 0, 11, 9, '', ''),
(107, '2022-03-05', 'Mohamed', '123123', 'asdasd', 'asd', 'asd', 'asd', 'aseq', 'we', ' qweasd', 0, 11, 9, '', ''),
(108, '2022-03-05', 'Ahmed', 'asd', 'asd', 'asd', 'asd', 'asd', 'asd', 'asd', 'as', 0, 11, 9, '', ''),
(109, '2022-03-06', 'Mohamed Ali', '123123', 'asdasd', 'asd', 'asd', 'asd', 'aseq', 'we', ' qweasd', 0, 14, 9, '', ''),
(110, '2022-03-06', 'Mohamed', '123123', 'asdasd', 'asd', 'asd', 'asd', 'aseq', 'we', ' qweasd', 0, 9, 9, '', ''),
(111, '2022-03-06', 'Mohamed Ali', '123123', 'asdasd', 'asd', 'asd', 'asd', 'aseq', 'we', ' qweasd', 0, 14, 9, '', ''),
(112, '2022-03-06', 'Mohamed Ali a', '123123', 'asdasd', 'asd', 'asd', 'asd', 'aseq', 'we', ' qweasd', 0, 14, 9, '', ''),
(113, '2022-03-06', 'Mohamed Ali as', '123123', 'asdasd', 'asd', 'asd', 'asd', 'aseq', 'we', ' qweasd', 0, 11, 15, '', ''),
(114, '2022-03-06', 'Tier aa', '123123', 'asdasd', 'asd', 'asd', 'asd', 'aseq', 'we', ' qweasd', 0, 14, 15, '', ''),
(115, '2022-03-06', 'Mohamed Ali', '123123', 'asdasd', 'asd', 'asd', 'asd', 'aseq', 'we', ' qweasd', 0, 0, 0, '', ''),
(116, '2022-03-06', 'Yahia', '01242544', 'asdasd', 'asd', 'asd', 'asd', 'aseq', 'we', ' qweasd', 0, 11, 9, '', ''),
(117, '2022-03-06', 'Mohamed Ali', '123123', 'asdasd', 'asd', 'asd', 'asd', 'aseq', 'we', ' qweasd', 0, 14, 15, '', ''),
(118, '2022-03-06', 'Mohamed Ali', '123123', 'asdasd', 'asd', 'asd', 'asd', 'aseq', 'asd', 'asd', 0, 0, 0, '', ''),
(119, '2022-03-07', 'Gawish', '123123', 'asdasd', 'asd', 'asd', 'asd', 'aseq', 'asd', 'asd', 0, 11, 9, '', ''),
(120, '2022-03-07', 'Mohamed Nabil Mustafa', '01027713442', 'asdasd@gmail.com', '', '', '', '', 'eg', '', 0, 0, 0, '', ''),
(121, '2022-03-07', 'Mohamed Nabil Mustafa', '01027713442', 'asdasd@gmail.com', '', '', '', '', 'eg', '', 0, 0, 0, '', ''),
(122, '2022-03-07', 'Mohamed Nabil Mustafa', '01027713442', 'asdasd@gmail.com', '', '', '', '', 'eg', '', 0, 0, 0, '', ''),
(123, '2022-03-07', '', '', '', '', '', '', '', 'eg', '', 0, 0, 0, '', ''),
(124, '2022-03-07', '', '', '', '', '', '', '', 'eg', '', 0, 0, 0, '', ''),
(125, '2022-03-07', '', '', '', '', '', '', '', 'eg', '', 0, 0, 0, '', ''),
(126, '2022-03-07', 'asdasd', '01027713442', 'asdasd@gmail.com', '', '', '', '', 'eg', '', 0, 0, 0, '', ''),
(127, '2022-03-07', 'asdasd', '01027713442', 'asdasd@gmail.com', '', '', '', '', 'eg', '', 0, 0, 0, '', ''),
(128, '2022-03-07', '', '', '', '', '', '', '', 'eg', '', 0, 0, 0, '', ''),
(129, '2022-03-07', '', '', '', '', '', '', '', 'eg', '', 0, 0, 0, '', ''),
(130, '2022-03-08', 'Mohamed Nabil Mustafa', '01027713442', 'asdasd@gmail.com', '', '', '', '', 'eg', '', 0, 11, 9, '', ''),
(131, '2022-03-08', 'Mohamed Nabil Mustafa', '01027713442', 'asdasd@gmail.com', '', '', '', '', 'eg', '', 0, 14, 15, '', ''),
(132, '2022-03-08', 'Mohamed Nabil Mustafa', '01027713442', 'mohammed.nabil.mustafa@gmail.com', '', '', '', '', 'eg', '', 0, 0, 0, '', ''),
(134, '2022-03-10', 'Gawish', '01242544', 'asdasd', 'asd', '01027713442', 'asdas', '81 Ain Shams Street', 'das', 'asd', 0, 11, 9, '', ''),
(135, '2022-03-10', 'Mohamed Ali a', '01242544', 'asdasd', 'Mohammed Nabil', '01027713442', 'asd', 'aseq', 'asd', 'asd', 0, 0, 0, '', ''),
(136, '2022-03-10', 'Ahmed', '123123', 'asdasd', 'Mohammed Nabil', '01027713442', 'asd', 'aseq', 'asd', 'asd', 0, 11, 9, '', '');

-- --------------------------------------------------------

--
-- Table structure for table `permission`
--

CREATE TABLE `permission` (
  `id` int(11) NOT NULL,
  `timestamp` date NOT NULL,
  `name` varchar(31) NOT NULL
) ENGINE=InnoDB DEFAULT CHARSET=utf8mb4;

--
-- Dumping data for table `permission`
--

INSERT INTO `permission` (`id`, `timestamp`, `name`) VALUES
(1, '2022-02-01', 'Instructor'),
(2, '2022-02-01', 'Sales'),
(3, '2022-02-01', 'Customer Support'),
(4, '2022-02-27', 'Admin'),
(5, '2022-02-27', 'Operation'),
(6, '2022-02-27', 'Finance'),
(7, '2022-02-27', 'Marketing'),
(8, '2022-02-27', 'R&D');

-- --------------------------------------------------------

--
-- Table structure for table `role`
--

CREATE TABLE `role` (
  `id` int(11) NOT NULL,
  `timestamp` date NOT NULL,
  `name` varchar(31) NOT NULL
) ENGINE=InnoDB DEFAULT CHARSET=utf8mb4;

--
-- Dumping data for table `role`
--

INSERT INTO `role` (`id`, `timestamp`, `name`) VALUES
(1, '2022-02-27', 'Junior'),
(2, '2022-02-27', 'Standard'),
(3, '2022-02-27', 'Senior'),
(4, '2022-02-27', 'Team Leader'),
(5, '2022-02-27', 'Head');

-- --------------------------------------------------------

--
-- Table structure for table `sales_calls`
--

CREATE TABLE `sales_calls` (
  `id` int(11) NOT NULL,
  `timestamp` date NOT NULL,
  `call_type_id` int(11) NOT NULL,
  `call_status_id` int(11) NOT NULL,
  `cat_id` int(11) NOT NULL,
  `close_id` int(11) NOT NULL,
  `follow_date` date NOT NULL,
  `note` text NOT NULL,
  `call_id` int(11) NOT NULL,
  `student_id` int(11) NOT NULL,
  `parent_id` int(11) NOT NULL
) ENGINE=InnoDB DEFAULT CHARSET=utf8mb4;

--
-- Dumping data for table `sales_calls`
--

INSERT INTO `sales_calls` (`id`, `timestamp`, `call_type_id`, `call_status_id`, `cat_id`, `close_id`, `follow_date`, `note`, `call_id`, `student_id`, `parent_id`) VALUES
(8, '2022-03-09', 1, 1, 3, 1, '2022-03-09', 'aczxczxc asd asd ', 0, 160, 101),
(9, '2022-03-09', 1, 1, 3, 1, '2022-03-09', ' rewgvberg vbervberg', 8, 160, 101),
(10, '2022-03-09', 1, 1, 1, 1, '2022-03-09', 'vxcv', 8, 160, 101),
(11, '2022-03-09', 1, 1, 1, 1, '2022-03-09', 'czxc', 8, 160, 101);

-- --------------------------------------------------------

--
-- Table structure for table `sessions`
--

CREATE TABLE `sessions` (
  `id` int(11) NOT NULL,
  `timestamp` date NOT NULL,
  `groups_id` int(11) NOT NULL,
  `employee_id` int(11) NOT NULL,
  `zoomlink` text NOT NULL,
  `session_date` date NOT NULL,
  `session_num` int(11) NOT NULL,
  `open_by` text NOT NULL
) ENGINE=InnoDB DEFAULT CHARSET=utf8mb4;

-- --------------------------------------------------------

--
-- Table structure for table `session_type`
--

CREATE TABLE `session_type` (
  `id` int(11) NOT NULL,
  `timestamp` date NOT NULL,
  `name` varchar(11) NOT NULL
) ENGINE=InnoDB DEFAULT CHARSET=utf8mb4;

--
-- Dumping data for table `session_type`
--

INSERT INTO `session_type` (`id`, `timestamp`, `name`) VALUES
(1, '2022-02-01', 'Normal'),
(2, '2022-02-01', 'Free'),
(3, '2022-02-01', 'Recap');

-- --------------------------------------------------------

--
-- Table structure for table `slots`
--

CREATE TABLE `slots` (
  `id` int(11) NOT NULL,
  `timestamp` date NOT NULL,
  `name` varchar(31) NOT NULL,
  `slot` varchar(31) NOT NULL,
  `live_slot` text NOT NULL
) ENGINE=InnoDB DEFAULT CHARSET=utf8mb4;

--
-- Dumping data for table `slots`
--

INSERT INTO `slots` (`id`, `timestamp`, `name`, `slot`, `live_slot`) VALUES
(2, '2022-03-07', 'Slot 1', '01:30 - 04:00', '01:30 PM'),
(3, '2022-03-07', 'Slot 2', '04:30 - 07:00', '04:30 PM'),
(4, '2022-03-07', 'Slot 3', '07:30 - 10:00', '07:30 PM'),
(5, '2022-03-07', 'Slot 4', '02:00 - 03:00', '02:00 PM'),
(6, '2022-03-07', 'Slot 5', '03:00 - 04:00', '03:00 PM'),
(7, '2022-03-07', 'Slot 6', '05:00 - 06:00', '05:00 PM'),
(8, '2022-03-07', 'Slot 7', '06:00 - 07:00', '06:00 PM'),
(9, '2022-03-07', 'Slot 8', '08:00 - 09:00', '08:00 PM'),
(10, '2022-03-07', 'Slot 9', '09:00 - 10:00', '09:00 PM');

-- --------------------------------------------------------

--
-- Table structure for table `students`
--

CREATE TABLE `students` (
  `id` int(11) NOT NULL,
  `timestamp` date NOT NULL,
  `std_id` varchar(31) NOT NULL,
  `parent_id` int(11) NOT NULL,
  `free_session_status` varchar(31) NOT NULL,
  `std_status` int(11) NOT NULL,
  `name` varchar(31) NOT NULL,
  `age` text NOT NULL,
  `birthdate` date NOT NULL
) ENGINE=InnoDB DEFAULT CHARSET=utf8mb4;

--
-- Dumping data for table `students`
--

INSERT INTO `students` (`id`, `timestamp`, `std_id`, `parent_id`, `free_session_status`, `std_status`, `name`, `age`, `birthdate`) VALUES
(155, '2022-02-26', '213', 98, 'yes', 2, 'asd', '', '2022-02-26'),
(156, '2022-02-26', '1233', 98, 'yes', 1, 'asd', '', '2022-02-26'),
(157, '2022-02-26', 'asd', 99, 'yes', 1, 'asd', '', '2022-02-25'),
(160, '2022-02-26', '123123', 101, 'yes', 1, 'asdasd', 'C', '2012-02-02'),
(161, '2022-02-26', '213123', 101, 'yes', 1, 'asdasd', 'under age', '2021-02-02'),
(162, '2022-02-26', 'asd', 102, 'yes', 1, 'asd', '', '2010-02-02'),
(163, '2022-02-26', '4156', 103, 'yes', 1, '456', '', '2022-02-26'),
(164, '2022-02-26', '123', 103, 'yes', 1, '123', '', '2022-02-26'),
(165, '2022-02-26', '123', 104, 'yes', 1, '123asd', '', '2022-02-26'),
(166, '2022-02-26', '123', 105, 'yes', 1, 'asd', '', '2012-02-02'),
(167, '2022-03-04', 'asd', 106, 'yes', 1, 'asd', '', '2012-02-02'),
(168, '2022-03-04', '1542', 106, 'yes', 1, 'asd', 'C', '2011-02-05'),
(169, '2022-03-05', 'asd', 107, 'yes', 1, 'asd', '', '2014-08-08'),
(170, '2022-03-05', 'asd', 108, 'yes', 1, 'asd', '', '2012-02-02'),
(171, '2022-03-05', '1542', 95, 'yes', 1, 'asd', 'C', '2012-02-02'),
(172, '2022-03-05', '1547', 95, 'yes', 1, 'asd', 'B', '2015-02-04'),
(173, '2022-03-05', '1213', 95, 'yes', 1, 'asd', 'B', '2014-03-02'),
(174, '2022-03-06', '124', 108, 'yes', 1, 'asd', '', '2012-02-10'),
(175, '2022-03-06', '124', 108, 'yes', 1, 'asd', '', '2012-02-02'),
(176, '2022-03-06', '1213', 108, 'yes', 1, 'asd', '', '2012-02-02'),
(177, '2022-03-06', '15474', 108, 'yes', 1, 'asd', '', '2012-02-02'),
(178, '2022-03-06', '15474', 109, 'yes', 1, 'asd', '', '2012-02-02'),
(179, '2022-03-06', '1012', 110, 'yes', 1, 'asd', '', '2022-03-06'),
(180, '2022-03-06', '1012', 111, 'yes', 0, 'asd', '', '2012-02-02'),
(181, '2022-03-06', '1012', 112, 'yes', 0, 'asd', '', '2012-02-02'),
(182, '2022-03-06', '12475', 113, 'yes', 0, 'asd', '', '2012-02-02'),
(183, '2022-03-06', 'asd', 114, 'yes', 0, 'asd', '', '2012-02-02'),
(184, '2022-03-06', '1542', 115, 'yes', 0, 'asd', '', '2012-02-02'),
(185, '2022-03-06', '1547', 115, 'yes', 0, 'dasd', '', '2014-02-02'),
(186, '2022-03-06', '01285', 116, 'yes', 0, 'Ahmed', '', '2015-02-02'),
(187, '2022-03-06', '15474', 117, 'yes', 0, 'asd', '', '2015-02-02'),
(188, '2022-03-06', '1541', 118, 'yes', 0, 'asd', 'C', '2012-02-02'),
(189, '2022-03-07', '1010', 106, 'yes', 0, 'Eyad', 'C', '2012-02-02'),
(190, '2022-03-07', '1011', 114, 'yes', 0, 'Eyad', 'C', '2012-02-02'),
(191, '2022-03-07', '1212', 111, 'yes', 0, 'Eyad', 'C', '2012-02-02'),
(192, '2022-03-07', '15474', 116, 'yes', 0, 'Eyad', 'C', '2012-02-02'),
(193, '2022-03-07', '1212', 116, 'yes', 0, 'asd', 'C', '2012-02-02'),
(194, '2022-03-07', '1654', 116, 'yes', 0, 'Eyad', 'C', '2012-02-02'),
(195, '2022-03-07', '1258', 116, 'yes', 0, 'Eyad', 'B', '2015-02-02'),
(196, '2022-03-07', '1012', 116, 'yes', 0, 'Eyad', 'B', '2015-02-02'),
(197, '2022-03-07', '124', 114, 'yes', 0, 'asd', 'B', '2015-02-02'),
(198, '2022-03-07', '1242', 119, 'yes', 0, 'Eyad', 'B', '2015-02-02'),
(199, '2022-03-07', 'asd', 119, 'yes', 0, 'asd', 'C', '2012-02-02'),
(200, '2022-03-07', 'asd', 117, 'yes', 0, 'asd', 'C', '2012-02-02'),
(201, '2022-03-07', '1001', 116, 'yes', 0, 'asd', 'C', '2012-02-02'),
(202, '2022-03-07', '', 120, 'yes', 0, 'Mohamed Nabil Mustafa', 'C', '2012-02-02'),
(203, '2022-03-07', '', 121, 'yes', 0, 'Mohamed Nabil Mustafa', 'C', '2012-02-02'),
(204, '2022-03-07', '', 122, 'yes', 0, 'Mohamed Nabil Mustafa', 'C', '2012-03-08'),
(205, '2022-03-07', '', 123, 'yes', 0, '', 'B', '2015-02-02'),
(206, '2022-03-07', '', 124, 'yes', 0, '', 'B', '2015-02-02'),
(207, '2022-03-07', '', 125, 'yes', 0, '', 'B', '2015-02-02'),
(208, '2022-03-07', '', 126, 'yes', 0, 'asdasd', 'B', '2015-02-02'),
(209, '2022-03-07', '', 127, 'yes', 0, 'asdasd', 'B', '2015-02-02'),
(210, '2022-03-07', '', 128, 'yes', 0, '', 'B', '2015-02-02'),
(211, '2022-03-07', '', 129, 'yes', 0, '', 'B', '2015-02-02'),
(212, '2022-03-08', '', 130, 'yes', 0, 'Mohamed Nabil Mustafa', 'B', '2015-02-02'),
(213, '2022-03-08', '', 131, 'yes', 0, 'Mohamed Nabil Mustafa', 'C', '2012-02-02'),
(214, '2022-03-08', '', 131, 'yes', 0, 'Mohamed Nabil Mustafa', 'C', '2012-03-08'),
(215, '2022-03-08', '', 132, 'yes', 0, 'Mohamed Nabil Mustafa', 'C', '2012-02-02'),
(216, '2022-03-08', '', 132, 'yes', 0, 'Mohamed Nabil Mustafa', 'C', '2012-02-02'),
(217, '2022-03-08', '', 132, 'yes', 0, 'Mohamed Nabil Mustafa', 'C', '2012-02-02'),
(221, '2022-03-10', '1012', 135, 'no', 0, 'asd', 'C', '2012-03-10'),
(222, '2022-03-10', '15474', 136, 'no', 0, 'asd', 'C', '2012-02-02');

-- --------------------------------------------------------

--
-- Table structure for table `student_groups`
--

CREATE TABLE `student_groups` (
  `id` int(11) NOT NULL,
  `timestamp` date NOT NULL,
  `groups_id` int(11) NOT NULL,
  `student_id` int(11) NOT NULL,
  `status` varchar(31) NOT NULL
) ENGINE=InnoDB DEFAULT CHARSET=utf8mb4;

--
-- Dumping data for table `student_groups`
--

INSERT INTO `student_groups` (`id`, `timestamp`, `groups_id`, `student_id`, `status`) VALUES
(843, '2022-02-26', 54, 162, 'active'),
(844, '2022-02-26', 54, 163, 'active'),
(845, '2022-02-26', 55, 164, 'active'),
(846, '2022-02-26', 55, 165, 'active'),
(847, '2022-02-26', 55, 166, 'active'),
(850, '2022-02-27', 57, 155, 'active'),
(851, '2022-03-04', 55, 167, 'active'),
(852, '2022-03-04', 59, 168, 'active'),
(853, '2022-03-05', 58, 169, 'active'),
(854, '2022-03-05', 53, 170, 'active'),
(855, '2022-03-05', 53, 171, 'active'),
(856, '2022-03-05', 54, 172, 'active'),
(857, '2022-03-05', 54, 173, 'active'),
(858, '2022-03-06', 53, 174, 'active'),
(859, '2022-03-06', 53, 175, 'active'),
(860, '2022-03-06', 53, 176, 'active'),
(861, '2022-03-06', 54, 177, 'active'),
(862, '2022-03-06', 55, 178, 'active'),
(863, '2022-03-06', 55, 179, 'active'),
(864, '2022-03-06', 0, 180, 'active'),
(865, '2022-03-06', 0, 181, 'active'),
(866, '2022-03-06', 0, 182, 'active'),
(867, '2022-03-06', 54, 186, 'active'),
(868, '2022-03-06', 60, 188, 'active'),
(869, '2022-03-06', 60, 160, 'active'),
(870, '2022-03-06', 60, 184, 'active'),
(871, '2022-03-06', 60, 185, 'active'),
(872, '2022-03-07', 60, 193, 'active'),
(873, '2022-03-07', 60, 194, 'active'),
(874, '2022-03-07', 56, 195, 'active'),
(875, '2022-03-07', 59, 196, 'active'),
(876, '2022-03-07', 56, 197, 'active'),
(877, '2022-03-07', 56, 198, 'active'),
(878, '2022-03-07', 62, 199, 'active'),
(879, '2022-03-07', 62, 200, 'active'),
(880, '2022-03-07', 62, 201, 'active'),
(881, '2022-03-07', 62, 202, 'active'),
(882, '2022-03-07', 62, 203, 'active'),
(883, '2022-03-07', 62, 204, 'active'),
(884, '2022-03-07', 0, 205, 'active'),
(885, '2022-03-07', 0, 206, 'active'),
(886, '2022-03-07', 61, 207, 'active'),
(887, '2022-03-07', 61, 208, 'active'),
(888, '2022-03-07', 61, 209, 'active'),
(889, '2022-03-07', 61, 210, 'active'),
(890, '2022-03-07', 61, 211, 'active'),
(891, '2022-03-08', 61, 212, 'active'),
(892, '2022-03-08', 64, 213, 'active'),
(893, '2022-03-08', 64, 214, 'active'),
(894, '2022-03-08', 64, 215, 'active'),
(895, '2022-03-08', 64, 216, 'active'),
(896, '2022-03-08', 64, 217, 'active'),
(898, '2022-03-10', 60, 219, 'active'),
(900, '2022-03-10', 53, 221, 'active'),
(901, '2022-03-10', 53, 222, 'active');

-- --------------------------------------------------------

--
-- Table structure for table `student_package`
--

CREATE TABLE `student_package` (
  `id` int(11) NOT NULL,
  `timestamp` date NOT NULL,
  `student_id` int(11) NOT NULL,
  `package_id` int(11) NOT NULL
) ENGINE=InnoDB DEFAULT CHARSET=utf8mb4;

--
-- Dumping data for table `student_package`
--

INSERT INTO `student_package` (`id`, `timestamp`, `student_id`, `package_id`) VALUES
(68, '2022-02-26', 160, 2),
(69, '2022-02-26', 161, 3),
(70, '2022-02-26', 162, 1),
(71, '2022-02-26', 163, 2),
(72, '2022-02-26', 164, 3),
(73, '2022-02-26', 165, 1),
(74, '2022-02-26', 166, 3),
(75, '2022-03-04', 167, 1),
(77, '2022-03-04', 167, 1),
(78, '2022-03-04', 168, 2),
(79, '2022-03-04', 168, 2),
(80, '2022-03-05', 169, 1),
(81, '2022-03-05', 170, 1),
(82, '2022-03-05', 170, 2),
(87, '2022-03-05', 155, 1),
(88, '2022-03-05', 156, 2),
(89, '2022-03-05', 157, 1),
(90, '2022-03-05', 157, 1),
(91, '2022-03-05', 157, 1),
(92, '2022-03-05', 157, 1),
(97, '2022-03-05', 156, 1),
(98, '2022-03-05', 156, 1),
(99, '2022-03-05', 156, 1),
(100, '2022-03-05', 156, 1),
(101, '2022-03-05', 156, 1),
(102, '2022-03-05', 156, 1),
(103, '2022-03-05', 156, 1),
(104, '2022-03-05', 156, 1),
(105, '2022-03-05', 156, 1),
(106, '2022-03-05', 156, 1),
(107, '2022-03-05', 156, 1),
(108, '2022-03-05', 156, 1),
(109, '2022-03-05', 156, 1),
(110, '2022-03-05', 156, 1),
(111, '2022-03-05', 156, 1),
(112, '2022-03-05', 156, 1),
(113, '2022-03-05', 156, 1),
(114, '2022-03-05', 156, 1),
(115, '2022-03-05', 156, 1),
(116, '2022-03-05', 156, 1),
(117, '2022-03-05', 156, 1),
(118, '2022-03-05', 156, 1),
(119, '2022-03-05', 156, 1),
(120, '2022-03-05', 156, 1),
(121, '2022-03-05', 156, 1),
(122, '2022-03-05', 156, 1),
(123, '2022-03-05', 156, 1),
(124, '2022-03-05', 156, 1),
(125, '2022-03-05', 156, 1),
(126, '2022-03-05', 156, 1),
(127, '2022-03-05', 156, 1),
(128, '2022-03-05', 156, 1),
(129, '2022-03-05', 156, 1),
(130, '2022-03-05', 156, 1),
(131, '2022-03-05', 156, 1),
(137, '2022-03-05', 170, 2),
(138, '2022-03-05', 160, 3),
(141, '2022-03-05', 157, 2),
(143, '2022-03-05', 171, 3),
(144, '2022-03-05', 172, 3),
(145, '2022-03-05', 173, 2),
(146, '2022-03-06', 174, 1),
(147, '2022-03-06', 175, 1),
(148, '2022-03-06', 176, 1),
(149, '2022-03-06', 177, 1),
(150, '2022-03-06', 178, 1),
(151, '2022-03-06', 179, 1),
(152, '2022-03-06', 180, 0),
(153, '2022-03-06', 181, 0),
(154, '2022-03-06', 182, 0),
(155, '2022-03-06', 185, 1),
(156, '2022-03-06', 186, 2),
(157, '2022-03-06', 188, 1),
(158, '2022-03-07', 195, 1),
(159, '2022-03-07', 196, 3),
(160, '2022-03-07', 197, 3),
(161, '2022-03-07', 198, 1),
(163, '2022-03-07', 200, 2),
(164, '2022-03-07', 201, 2),
(165, '2022-03-07', 202, 3),
(166, '2022-03-07', 202, 1),
(167, '2022-03-09', 217, 1),
(169, '2022-03-10', 219, 3),
(170, '2022-03-10', 221, 1),
(171, '2022-03-10', 222, 1);

-- --------------------------------------------------------

--
-- Table structure for table `track`
--

CREATE TABLE `track` (
  `id` int(11) NOT NULL,
  `timestamp` date NOT NULL,
  `name` varchar(11) NOT NULL
) ENGINE=InnoDB DEFAULT CHARSET=utf8mb4;

--
-- Dumping data for table `track`
--

INSERT INTO `track` (`id`, `timestamp`, `name`) VALUES
(1, '2022-02-01', 'CS');

--
-- Indexes for dumped tables
--

--
-- Indexes for table `age`
--
ALTER TABLE `age`
  ADD PRIMARY KEY (`id`);

--
-- Indexes for table `attend`
--
ALTER TABLE `attend`
  ADD PRIMARY KEY (`id`);

--
-- Indexes for table `att_feed`
--
ALTER TABLE `att_feed`
  ADD PRIMARY KEY (`id`);

--
-- Indexes for table `call_status`
--
ALTER TABLE `call_status`
  ADD PRIMARY KEY (`id`);

--
-- Indexes for table `call_type`
--
ALTER TABLE `call_type`
  ADD PRIMARY KEY (`id`);

--
-- Indexes for table `cat`
--
ALTER TABLE `cat`
  ADD PRIMARY KEY (`id`);

--
-- Indexes for table `close`
--
ALTER TABLE `close`
  ADD PRIMARY KEY (`id`);

--
-- Indexes for table `cs_calls`
--
ALTER TABLE `cs_calls`
  ADD PRIMARY KEY (`id`);

--
-- Indexes for table `days`
--
ALTER TABLE `days`
  ADD PRIMARY KEY (`id`);

--
-- Indexes for table `department`
--
ALTER TABLE `department`
  ADD PRIMARY KEY (`id`);

--
-- Indexes for table `employee`
--
ALTER TABLE `employee`
  ADD PRIMARY KEY (`id`),
  ADD KEY `permission_id` (`permission_id`),
  ADD KEY `role_id` (`role_id`),
  ADD KEY `department_id` (`department_id`);

--
-- Indexes for table `groups`
--
ALTER TABLE `groups`
  ADD PRIMARY KEY (`id`);

--
-- Indexes for table `invoice`
--
ALTER TABLE `invoice`
  ADD PRIMARY KEY (`id`);

--
-- Indexes for table `invoice_status`
--
ALTER TABLE `invoice_status`
  ADD PRIMARY KEY (`id`);

--
-- Indexes for table `lan`
--
ALTER TABLE `lan`
  ADD PRIMARY KEY (`id`);

--
-- Indexes for table `level`
--
ALTER TABLE `level`
  ADD PRIMARY KEY (`id`);

--
-- Indexes for table `operation_status`
--
ALTER TABLE `operation_status`
  ADD PRIMARY KEY (`id`);

--
-- Indexes for table `package`
--
ALTER TABLE `package`
  ADD PRIMARY KEY (`id`);

--
-- Indexes for table `parent`
--
ALTER TABLE `parent`
  ADD PRIMARY KEY (`id`);

--
-- Indexes for table `permission`
--
ALTER TABLE `permission`
  ADD PRIMARY KEY (`id`);

--
-- Indexes for table `role`
--
ALTER TABLE `role`
  ADD PRIMARY KEY (`id`);

--
-- Indexes for table `sales_calls`
--
ALTER TABLE `sales_calls`
  ADD PRIMARY KEY (`id`);

--
-- Indexes for table `sessions`
--
ALTER TABLE `sessions`
  ADD PRIMARY KEY (`id`);

--
-- Indexes for table `session_type`
--
ALTER TABLE `session_type`
  ADD PRIMARY KEY (`id`);

--
-- Indexes for table `slots`
--
ALTER TABLE `slots`
  ADD PRIMARY KEY (`id`);

--
-- Indexes for table `students`
--
ALTER TABLE `students`
  ADD PRIMARY KEY (`id`);

--
-- Indexes for table `student_groups`
--
ALTER TABLE `student_groups`
  ADD PRIMARY KEY (`id`);

--
-- Indexes for table `student_package`
--
ALTER TABLE `student_package`
  ADD PRIMARY KEY (`id`);

--
-- Indexes for table `track`
--
ALTER TABLE `track`
  ADD PRIMARY KEY (`id`);

--
-- AUTO_INCREMENT for dumped tables
--

--
-- AUTO_INCREMENT for table `age`
--
ALTER TABLE `age`
  MODIFY `id` int(11) NOT NULL AUTO_INCREMENT, AUTO_INCREMENT=25;

--
-- AUTO_INCREMENT for table `attend`
--
ALTER TABLE `attend`
  MODIFY `id` int(11) NOT NULL AUTO_INCREMENT, AUTO_INCREMENT=3;

--
-- AUTO_INCREMENT for table `att_feed`
--
ALTER TABLE `att_feed`
  MODIFY `id` int(11) NOT NULL AUTO_INCREMENT, AUTO_INCREMENT=213;

--
-- AUTO_INCREMENT for table `call_status`
--
ALTER TABLE `call_status`
  MODIFY `id` int(11) NOT NULL AUTO_INCREMENT, AUTO_INCREMENT=6;

--
-- AUTO_INCREMENT for table `call_type`
--
ALTER TABLE `call_type`
  MODIFY `id` int(11) NOT NULL AUTO_INCREMENT, AUTO_INCREMENT=3;

--
-- AUTO_INCREMENT for table `cat`
--
ALTER TABLE `cat`
  MODIFY `id` int(11) NOT NULL AUTO_INCREMENT, AUTO_INCREMENT=5;

--
-- AUTO_INCREMENT for table `close`
--
ALTER TABLE `close`
  MODIFY `id` int(11) NOT NULL AUTO_INCREMENT, AUTO_INCREMENT=3;

--
-- AUTO_INCREMENT for table `cs_calls`
--
ALTER TABLE `cs_calls`
  MODIFY `id` int(11) NOT NULL AUTO_INCREMENT, AUTO_INCREMENT=91;

--
-- AUTO_INCREMENT for table `days`
--
ALTER TABLE `days`
  MODIFY `id` int(11) NOT NULL AUTO_INCREMENT, AUTO_INCREMENT=8;

--
-- AUTO_INCREMENT for table `department`
--
ALTER TABLE `department`
  MODIFY `id` int(11) NOT NULL AUTO_INCREMENT, AUTO_INCREMENT=9;

--
-- AUTO_INCREMENT for table `employee`
--
ALTER TABLE `employee`
  MODIFY `id` int(11) NOT NULL AUTO_INCREMENT, AUTO_INCREMENT=16;

--
-- AUTO_INCREMENT for table `groups`
--
ALTER TABLE `groups`
  MODIFY `id` int(11) NOT NULL AUTO_INCREMENT, AUTO_INCREMENT=65;

--
-- AUTO_INCREMENT for table `invoice`
--
ALTER TABLE `invoice`
  MODIFY `id` int(11) NOT NULL AUTO_INCREMENT, AUTO_INCREMENT=544;

--
-- AUTO_INCREMENT for table `invoice_status`
--
ALTER TABLE `invoice_status`
  MODIFY `id` int(11) NOT NULL AUTO_INCREMENT, AUTO_INCREMENT=5;

--
-- AUTO_INCREMENT for table `lan`
--
ALTER TABLE `lan`
  MODIFY `id` int(11) NOT NULL AUTO_INCREMENT, AUTO_INCREMENT=3;

--
-- AUTO_INCREMENT for table `level`
--
ALTER TABLE `level`
  MODIFY `id` int(11) NOT NULL AUTO_INCREMENT, AUTO_INCREMENT=4;

--
-- AUTO_INCREMENT for table `operation_status`
--
ALTER TABLE `operation_status`
  MODIFY `id` int(11) NOT NULL AUTO_INCREMENT, AUTO_INCREMENT=3;

--
-- AUTO_INCREMENT for table `package`
--
ALTER TABLE `package`
  MODIFY `id` int(11) NOT NULL AUTO_INCREMENT, AUTO_INCREMENT=5;

--
-- AUTO_INCREMENT for table `parent`
--
ALTER TABLE `parent`
  MODIFY `id` int(11) NOT NULL AUTO_INCREMENT, AUTO_INCREMENT=137;

--
-- AUTO_INCREMENT for table `permission`
--
ALTER TABLE `permission`
  MODIFY `id` int(11) NOT NULL AUTO_INCREMENT, AUTO_INCREMENT=9;

--
-- AUTO_INCREMENT for table `role`
--
ALTER TABLE `role`
  MODIFY `id` int(11) NOT NULL AUTO_INCREMENT, AUTO_INCREMENT=7;

--
-- AUTO_INCREMENT for table `sales_calls`
--
ALTER TABLE `sales_calls`
  MODIFY `id` int(11) NOT NULL AUTO_INCREMENT, AUTO_INCREMENT=12;

--
-- AUTO_INCREMENT for table `sessions`
--
ALTER TABLE `sessions`
  MODIFY `id` int(11) NOT NULL AUTO_INCREMENT, AUTO_INCREMENT=64;

--
-- AUTO_INCREMENT for table `session_type`
--
ALTER TABLE `session_type`
  MODIFY `id` int(11) NOT NULL AUTO_INCREMENT, AUTO_INCREMENT=4;

--
-- AUTO_INCREMENT for table `slots`
--
ALTER TABLE `slots`
  MODIFY `id` int(11) NOT NULL AUTO_INCREMENT, AUTO_INCREMENT=11;

--
-- AUTO_INCREMENT for table `students`
--
ALTER TABLE `students`
  MODIFY `id` int(11) NOT NULL AUTO_INCREMENT, AUTO_INCREMENT=223;

--
-- AUTO_INCREMENT for table `student_groups`
--
ALTER TABLE `student_groups`
  MODIFY `id` int(11) NOT NULL AUTO_INCREMENT, AUTO_INCREMENT=902;

--
-- AUTO_INCREMENT for table `student_package`
--
ALTER TABLE `student_package`
  MODIFY `id` int(11) NOT NULL AUTO_INCREMENT, AUTO_INCREMENT=175;

--
-- AUTO_INCREMENT for table `track`
--
ALTER TABLE `track`
  MODIFY `id` int(11) NOT NULL AUTO_INCREMENT, AUTO_INCREMENT=2;

--
-- Constraints for dumped tables
--

--
-- Constraints for table `employee`
--
ALTER TABLE `employee`
  ADD CONSTRAINT `employee_ibfk_1` FOREIGN KEY (`permission_id`) REFERENCES `permission` (`id`),
  ADD CONSTRAINT `employee_ibfk_2` FOREIGN KEY (`role_id`) REFERENCES `role` (`id`),
  ADD CONSTRAINT `employee_ibfk_3` FOREIGN KEY (`department_id`) REFERENCES `department` (`id`);
COMMIT;

/*!40101 SET CHARACTER_SET_CLIENT=@OLD_CHARACTER_SET_CLIENT */;
/*!40101 SET CHARACTER_SET_RESULTS=@OLD_CHARACTER_SET_RESULTS */;
/*!40101 SET COLLATION_CONNECTION=@OLD_COLLATION_CONNECTION */;
